image,label,mask
fryum/Data/Images/Normal/000.JPG,normal,
fryum/Data/Images/Normal/001.JPG,normal,
fryum/Data/Images/Normal/002.JPG,normal,
fryum/Data/Images/Normal/003.JPG,normal,
fryum/Data/Images/Normal/004.JPG,normal,
fryum/Data/Images/Normal/005.JPG,normal,
fryum/Data/Images/Normal/006.JPG,normal,
fryum/Data/Images/Normal/007.JPG,normal,
fryum/Data/Images/Normal/008.JPG,normal,
fryum/Data/Images/Normal/009.JPG,normal,
fryum/Data/Images/Normal/010.JPG,normal,
fryum/Data/Images/Normal/011.JPG,normal,
fryum/Data/Images/Normal/012.JPG,normal,
fryum/Data/Images/Normal/013.JPG,normal,
fryum/Data/Images/Normal/014.JPG,normal,
fryum/Data/Images/Normal/015.JPG,normal,
fryum/Data/Images/Normal/016.JPG,normal,
fryum/Data/Images/Normal/017.JPG,normal,
fryum/Data/Images/Normal/018.JPG,normal,
fryum/Data/Images/Normal/019.JPG,normal,
fryum/Data/Images/Normal/020.JPG,normal,
fryum/Data/Images/Normal/021.JPG,normal,
fryum/Data/Images/Normal/022.JPG,normal,
fryum/Data/Images/Normal/023.JPG,normal,
fryum/Data/Images/Normal/024.JPG,normal,
fryum/Data/Images/Normal/025.JPG,normal,
fryum/Data/Images/Normal/026.JPG,normal,
fryum/Data/Images/Normal/027.JPG,normal,
fryum/Data/Images/Normal/028.JPG,normal,
fryum/Data/Images/Normal/029.JPG,normal,
fryum/Data/Images/Normal/030.JPG,normal,
fryum/Data/Images/Normal/031.JPG,normal,
fryum/Data/Images/Normal/032.JPG,normal,
fryum/Data/Images/Normal/033.JPG,normal,
fryum/Data/Images/Normal/034.JPG,normal,
fryum/Data/Images/Normal/035.JPG,normal,
fryum/Data/Images/Normal/036.JPG,normal,
fryum/Data/Images/Normal/037.JPG,normal,
fryum/Data/Images/Normal/038.JPG,normal,
fryum/Data/Images/Normal/039.JPG,normal,
fryum/Data/Images/Normal/040.JPG,normal,
fryum/Data/Images/Normal/041.JPG,normal,
fryum/Data/Images/Normal/042.JPG,normal,
fryum/Data/Images/Normal/043.JPG,normal,
fryum/Data/Images/Normal/044.JPG,normal,
fryum/Data/Images/Normal/045.JPG,normal,
fryum/Data/Images/Normal/046.JPG,normal,
fryum/Data/Images/Normal/047.JPG,normal,
fryum/Data/Images/Normal/048.JPG,normal,
fryum/Data/Images/Normal/049.JPG,normal,
fryum/Data/Images/Normal/050.JPG,normal,
fryum/Data/Images/Normal/051.JPG,normal,
fryum/Data/Images/Normal/052.JPG,normal,
fryum/Data/Images/Normal/053.JPG,normal,
fryum/Data/Images/Normal/054.JPG,normal,
fryum/Data/Images/Normal/055.JPG,normal,
fryum/Data/Images/Normal/056.JPG,normal,
fryum/Data/Images/Normal/057.JPG,normal,
fryum/Data/Images/Normal/058.JPG,normal,
fryum/Data/Images/Normal/059.JPG,normal,
fryum/Data/Images/Normal/060.JPG,normal,
fryum/Data/Images/Normal/061.JPG,normal,
fryum/Data/Images/Normal/062.JPG,normal,
fryum/Data/Images/Normal/063.JPG,normal,
fryum/Data/Images/Normal/064.JPG,normal,
fryum/Data/Images/Normal/065.JPG,normal,
fryum/Data/Images/Normal/066.JPG,normal,
fryum/Data/Images/Normal/067.JPG,normal,
fryum/Data/Images/Normal/068.JPG,normal,
fryum/Data/Images/Normal/069.JPG,normal,
fryum/Data/Images/Normal/070.JPG,normal,
fryum/Data/Images/Normal/071.JPG,normal,
fryum/Data/Images/Normal/072.JPG,normal,
fryum/Data/Images/Normal/073.JPG,normal,
fryum/Data/Images/Normal/074.JPG,normal,
fryum/Data/Images/Normal/075.JPG,normal,
fryum/Data/Images/Normal/076.JPG,normal,
fryum/Data/Images/Normal/077.JPG,normal,
fryum/Data/Images/Normal/078.JPG,normal,
fryum/Data/Images/Normal/079.JPG,normal,
fryum/Data/Images/Normal/080.JPG,normal,
fryum/Data/Images/Normal/081.JPG,normal,
fryum/Data/Images/Normal/082.JPG,normal,
fryum/Data/Images/Normal/083.JPG,normal,
fryum/Data/Images/Normal/084.JPG,normal,
fryum/Data/Images/Normal/085.JPG,normal,
fryum/Data/Images/Normal/086.JPG,normal,
fryum/Data/Images/Normal/087.JPG,normal,
fryum/Data/Images/Normal/088.JPG,normal,
fryum/Data/Images/Normal/089.JPG,normal,
fryum/Data/Images/Normal/090.JPG,normal,
fryum/Data/Images/Normal/091.JPG,normal,
fryum/Data/Images/Normal/092.JPG,normal,
fryum/Data/Images/Normal/093.JPG,normal,
fryum/Data/Images/Normal/094.JPG,normal,
fryum/Data/Images/Normal/095.JPG,normal,
fryum/Data/Images/Normal/096.JPG,normal,
fryum/Data/Images/Normal/097.JPG,normal,
fryum/Data/Images/Normal/098.JPG,normal,
fryum/Data/Images/Normal/099.JPG,normal,
fryum/Data/Images/Normal/100.JPG,normal,
fryum/Data/Images/Normal/101.JPG,normal,
fryum/Data/Images/Normal/102.JPG,normal,
fryum/Data/Images/Normal/103.JPG,normal,
fryum/Data/Images/Normal/104.JPG,normal,
fryum/Data/Images/Normal/105.JPG,normal,
fryum/Data/Images/Normal/106.JPG,normal,
fryum/Data/Images/Normal/107.JPG,normal,
fryum/Data/Images/Normal/108.JPG,normal,
fryum/Data/Images/Normal/109.JPG,normal,
fryum/Data/Images/Normal/110.JPG,normal,
fryum/Data/Images/Normal/111.JPG,normal,
fryum/Data/Images/Normal/112.JPG,normal,
fryum/Data/Images/Normal/113.JPG,normal,
fryum/Data/Images/Normal/114.JPG,normal,
fryum/Data/Images/Normal/115.JPG,normal,
fryum/Data/Images/Normal/116.JPG,normal,
fryum/Data/Images/Normal/117.JPG,normal,
fryum/Data/Images/Normal/118.JPG,normal,
fryum/Data/Images/Normal/119.JPG,normal,
fryum/Data/Images/Normal/120.JPG,normal,
fryum/Data/Images/Normal/121.JPG,normal,
fryum/Data/Images/Normal/122.JPG,normal,
fryum/Data/Images/Normal/123.JPG,normal,
fryum/Data/Images/Normal/124.JPG,normal,
fryum/Data/Images/Normal/125.JPG,normal,
fryum/Data/Images/Normal/126.JPG,normal,
fryum/Data/Images/Normal/127.JPG,normal,
fryum/Data/Images/Normal/128.JPG,normal,
fryum/Data/Images/Normal/129.JPG,normal,
fryum/Data/Images/Normal/130.JPG,normal,
fryum/Data/Images/Normal/131.JPG,normal,
fryum/Data/Images/Normal/132.JPG,normal,
fryum/Data/Images/Normal/133.JPG,normal,
fryum/Data/Images/Normal/134.JPG,normal,
fryum/Data/Images/Normal/135.JPG,normal,
fryum/Data/Images/Normal/136.JPG,normal,
fryum/Data/Images/Normal/137.JPG,normal,
fryum/Data/Images/Normal/138.JPG,normal,
fryum/Data/Images/Normal/139.JPG,normal,
fryum/Data/Images/Normal/140.JPG,normal,
fryum/Data/Images/Normal/141.JPG,normal,
fryum/Data/Images/Normal/142.JPG,normal,
fryum/Data/Images/Normal/143.JPG,normal,
fryum/Data/Images/Normal/144.JPG,normal,
fryum/Data/Images/Normal/145.JPG,normal,
fryum/Data/Images/Normal/146.JPG,normal,
fryum/Data/Images/Normal/147.JPG,normal,
fryum/Data/Images/Normal/148.JPG,normal,
fryum/Data/Images/Normal/149.JPG,normal,
fryum/Data/Images/Normal/150.JPG,normal,
fryum/Data/Images/Normal/151.JPG,normal,
fryum/Data/Images/Normal/152.JPG,normal,
fryum/Data/Images/Normal/153.JPG,normal,
fryum/Data/Images/Normal/154.JPG,normal,
fryum/Data/Images/Normal/155.JPG,normal,
fryum/Data/Images/Normal/156.JPG,normal,
fryum/Data/Images/Normal/157.JPG,normal,
fryum/Data/Images/Normal/158.JPG,normal,
fryum/Data/Images/Normal/159.JPG,normal,
fryum/Data/Images/Normal/160.JPG,normal,
fryum/Data/Images/Normal/161.JPG,normal,
fryum/Data/Images/Normal/162.JPG,normal,
fryum/Data/Images/Normal/163.JPG,normal,
fryum/Data/Images/Normal/164.JPG,normal,
fryum/Data/Images/Normal/165.JPG,normal,
fryum/Data/Images/Normal/166.JPG,normal,
fryum/Data/Images/Normal/167.JPG,normal,
fryum/Data/Images/Normal/168.JPG,normal,
fryum/Data/Images/Normal/169.JPG,normal,
fryum/Data/Images/Normal/170.JPG,normal,
fryum/Data/Images/Normal/171.JPG,normal,
fryum/Data/Images/Normal/172.JPG,normal,
fryum/Data/Images/Normal/173.JPG,normal,
fryum/Data/Images/Normal/174.JPG,normal,
fryum/Data/Images/Normal/175.JPG,normal,
fryum/Data/Images/Normal/176.JPG,normal,
fryum/Data/Images/Normal/177.JPG,normal,
fryum/Data/Images/Normal/178.JPG,normal,
fryum/Data/Images/Normal/179.JPG,normal,
fryum/Data/Images/Normal/180.JPG,normal,
fryum/Data/Images/Normal/181.JPG,normal,
fryum/Data/Images/Normal/182.JPG,normal,
fryum/Data/Images/Normal/183.JPG,normal,
fryum/Data/Images/Normal/184.JPG,normal,
fryum/Data/Images/Normal/185.JPG,normal,
fryum/Data/Images/Normal/186.JPG,normal,
fryum/Data/Images/Normal/187.JPG,normal,
fryum/Data/Images/Normal/188.JPG,normal,
fryum/Data/Images/Normal/189.JPG,normal,
fryum/Data/Images/Normal/190.JPG,normal,
fryum/Data/Images/Normal/191.JPG,normal,
fryum/Data/Images/Normal/192.JPG,normal,
fryum/Data/Images/Normal/193.JPG,normal,
fryum/Data/Images/Normal/194.JPG,normal,
fryum/Data/Images/Normal/195.JPG,normal,
fryum/Data/Images/Normal/196.JPG,normal,
fryum/Data/Images/Normal/197.JPG,normal,
fryum/Data/Images/Normal/198.JPG,normal,
fryum/Data/Images/Normal/199.JPG,normal,
fryum/Data/Images/Normal/200.JPG,normal,
fryum/Data/Images/Normal/201.JPG,normal,
fryum/Data/Images/Normal/202.JPG,normal,
fryum/Data/Images/Normal/203.JPG,normal,
fryum/Data/Images/Normal/204.JPG,normal,
fryum/Data/Images/Normal/205.JPG,normal,
fryum/Data/Images/Normal/206.JPG,normal,
fryum/Data/Images/Normal/207.JPG,normal,
fryum/Data/Images/Normal/208.JPG,normal,
fryum/Data/Images/Normal/209.JPG,normal,
fryum/Data/Images/Normal/210.JPG,normal,
fryum/Data/Images/Normal/211.JPG,normal,
fryum/Data/Images/Normal/212.JPG,normal,
fryum/Data/Images/Normal/213.JPG,normal,
fryum/Data/Images/Normal/214.JPG,normal,
fryum/Data/Images/Normal/215.JPG,normal,
fryum/Data/Images/Normal/216.JPG,normal,
fryum/Data/Images/Normal/217.JPG,normal,
fryum/Data/Images/Normal/218.JPG,normal,
fryum/Data/Images/Normal/219.JPG,normal,
fryum/Data/Images/Normal/220.JPG,normal,
fryum/Data/Images/Normal/221.JPG,normal,
fryum/Data/Images/Normal/222.JPG,normal,
fryum/Data/Images/Normal/223.JPG,normal,
fryum/Data/Images/Normal/224.JPG,normal,
fryum/Data/Images/Normal/225.JPG,normal,
fryum/Data/Images/Normal/226.JPG,normal,
fryum/Data/Images/Normal/227.JPG,normal,
fryum/Data/Images/Normal/228.JPG,normal,
fryum/Data/Images/Normal/229.JPG,normal,
fryum/Data/Images/Normal/230.JPG,normal,
fryum/Data/Images/Normal/231.JPG,normal,
fryum/Data/Images/Normal/232.JPG,normal,
fryum/Data/Images/Normal/233.JPG,normal,
fryum/Data/Images/Normal/234.JPG,normal,
fryum/Data/Images/Normal/235.JPG,normal,
fryum/Data/Images/Normal/236.JPG,normal,
fryum/Data/Images/Normal/237.JPG,normal,
fryum/Data/Images/Normal/238.JPG,normal,
fryum/Data/Images/Normal/239.JPG,normal,
fryum/Data/Images/Normal/240.JPG,normal,
fryum/Data/Images/Normal/241.JPG,normal,
fryum/Data/Images/Normal/242.JPG,normal,
fryum/Data/Images/Normal/243.JPG,normal,
fryum/Data/Images/Normal/244.JPG,normal,
fryum/Data/Images/Normal/245.JPG,normal,
fryum/Data/Images/Normal/246.JPG,normal,
fryum/Data/Images/Normal/247.JPG,normal,
fryum/Data/Images/Normal/248.JPG,normal,
fryum/Data/Images/Normal/249.JPG,normal,
fryum/Data/Images/Normal/250.JPG,normal,
fryum/Data/Images/Normal/251.JPG,normal,
fryum/Data/Images/Normal/252.JPG,normal,
fryum/Data/Images/Normal/253.JPG,normal,
fryum/Data/Images/Normal/254.JPG,normal,
fryum/Data/Images/Normal/255.JPG,normal,
fryum/Data/Images/Normal/256.JPG,normal,
fryum/Data/Images/Normal/257.JPG,normal,
fryum/Data/Images/Normal/258.JPG,normal,
fryum/Data/Images/Normal/259.JPG,normal,
fryum/Data/Images/Normal/260.JPG,normal,
fryum/Data/Images/Normal/261.JPG,normal,
fryum/Data/Images/Normal/262.JPG,normal,
fryum/Data/Images/Normal/263.JPG,normal,
fryum/Data/Images/Normal/264.JPG,normal,
fryum/Data/Images/Normal/265.JPG,normal,
fryum/Data/Images/Normal/266.JPG,normal,
fryum/Data/Images/Normal/267.JPG,normal,
fryum/Data/Images/Normal/268.JPG,normal,
fryum/Data/Images/Normal/269.JPG,normal,
fryum/Data/Images/Normal/270.JPG,normal,
fryum/Data/Images/Normal/271.JPG,normal,
fryum/Data/Images/Normal/272.JPG,normal,
fryum/Data/Images/Normal/273.JPG,normal,
fryum/Data/Images/Normal/274.JPG,normal,
fryum/Data/Images/Normal/275.JPG,normal,
fryum/Data/Images/Normal/276.JPG,normal,
fryum/Data/Images/Normal/277.JPG,normal,
fryum/Data/Images/Normal/278.JPG,normal,
fryum/Data/Images/Normal/279.JPG,normal,
fryum/Data/Images/Normal/280.JPG,normal,
fryum/Data/Images/Normal/281.JPG,normal,
fryum/Data/Images/Normal/282.JPG,normal,
fryum/Data/Images/Normal/283.JPG,normal,
fryum/Data/Images/Normal/284.JPG,normal,
fryum/Data/Images/Normal/285.JPG,normal,
fryum/Data/Images/Normal/286.JPG,normal,
fryum/Data/Images/Normal/287.JPG,normal,
fryum/Data/Images/Normal/288.JPG,normal,
fryum/Data/Images/Normal/289.JPG,normal,
fryum/Data/Images/Normal/290.JPG,normal,
fryum/Data/Images/Normal/291.JPG,normal,
fryum/Data/Images/Normal/292.JPG,normal,
fryum/Data/Images/Normal/293.JPG,normal,
fryum/Data/Images/Normal/294.JPG,normal,
fryum/Data/Images/Normal/295.JPG,normal,
fryum/Data/Images/Normal/296.JPG,normal,
fryum/Data/Images/Normal/297.JPG,normal,
fryum/Data/Images/Normal/298.JPG,normal,
fryum/Data/Images/Normal/299.JPG,normal,
fryum/Data/Images/Normal/300.JPG,normal,
fryum/Data/Images/Normal/301.JPG,normal,
fryum/Data/Images/Normal/302.JPG,normal,
fryum/Data/Images/Normal/303.JPG,normal,
fryum/Data/Images/Normal/304.JPG,normal,
fryum/Data/Images/Normal/305.JPG,normal,
fryum/Data/Images/Normal/306.JPG,normal,
fryum/Data/Images/Normal/307.JPG,normal,
fryum/Data/Images/Normal/308.JPG,normal,
fryum/Data/Images/Normal/309.JPG,normal,
fryum/Data/Images/Normal/310.JPG,normal,
fryum/Data/Images/Normal/311.JPG,normal,
fryum/Data/Images/Normal/312.JPG,normal,
fryum/Data/Images/Normal/313.JPG,normal,
fryum/Data/Images/Normal/314.JPG,normal,
fryum/Data/Images/Normal/315.JPG,normal,
fryum/Data/Images/Normal/316.JPG,normal,
fryum/Data/Images/Normal/317.JPG,normal,
fryum/Data/Images/Normal/318.JPG,normal,
fryum/Data/Images/Normal/319.JPG,normal,
fryum/Data/Images/Normal/320.JPG,normal,
fryum/Data/Images/Normal/321.JPG,normal,
fryum/Data/Images/Normal/322.JPG,normal,
fryum/Data/Images/Normal/323.JPG,normal,
fryum/Data/Images/Normal/324.JPG,normal,
fryum/Data/Images/Normal/325.JPG,normal,
fryum/Data/Images/Normal/326.JPG,normal,
fryum/Data/Images/Normal/327.JPG,normal,
fryum/Data/Images/Normal/328.JPG,normal,
fryum/Data/Images/Normal/329.JPG,normal,
fryum/Data/Images/Normal/330.JPG,normal,
fryum/Data/Images/Normal/331.JPG,normal,
fryum/Data/Images/Normal/332.JPG,normal,
fryum/Data/Images/Normal/333.JPG,normal,
fryum/Data/Images/Normal/334.JPG,normal,
fryum/Data/Images/Normal/335.JPG,normal,
fryum/Data/Images/Normal/336.JPG,normal,
fryum/Data/Images/Normal/337.JPG,normal,
fryum/Data/Images/Normal/338.JPG,normal,
fryum/Data/Images/Normal/339.JPG,normal,
fryum/Data/Images/Normal/340.JPG,normal,
fryum/Data/Images/Normal/341.JPG,normal,
fryum/Data/Images/Normal/342.JPG,normal,
fryum/Data/Images/Normal/343.JPG,normal,
fryum/Data/Images/Normal/344.JPG,normal,
fryum/Data/Images/Normal/345.JPG,normal,
fryum/Data/Images/Normal/346.JPG,normal,
fryum/Data/Images/Normal/347.JPG,normal,
fryum/Data/Images/Normal/348.JPG,normal,
fryum/Data/Images/Normal/349.JPG,normal,
fryum/Data/Images/Normal/350.JPG,normal,
fryum/Data/Images/Normal/351.JPG,normal,
fryum/Data/Images/Normal/352.JPG,normal,
fryum/Data/Images/Normal/353.JPG,normal,
fryum/Data/Images/Normal/354.JPG,normal,
fryum/Data/Images/Normal/355.JPG,normal,
fryum/Data/Images/Normal/356.JPG,normal,
fryum/Data/Images/Normal/357.JPG,normal,
fryum/Data/Images/Normal/358.JPG,normal,
fryum/Data/Images/Normal/359.JPG,normal,
fryum/Data/Images/Normal/360.JPG,normal,
fryum/Data/Images/Normal/361.JPG,normal,
fryum/Data/Images/Normal/362.JPG,normal,
fryum/Data/Images/Normal/363.JPG,normal,
fryum/Data/Images/Normal/364.JPG,normal,
fryum/Data/Images/Normal/365.JPG,normal,
fryum/Data/Images/Normal/366.JPG,normal,
fryum/Data/Images/Normal/367.JPG,normal,
fryum/Data/Images/Normal/368.JPG,normal,
fryum/Data/Images/Normal/369.JPG,normal,
fryum/Data/Images/Normal/370.JPG,normal,
fryum/Data/Images/Normal/371.JPG,normal,
fryum/Data/Images/Normal/372.JPG,normal,
fryum/Data/Images/Normal/373.JPG,normal,
fryum/Data/Images/Normal/374.JPG,normal,
fryum/Data/Images/Normal/375.JPG,normal,
fryum/Data/Images/Normal/376.JPG,normal,
fryum/Data/Images/Normal/377.JPG,normal,
fryum/Data/Images/Normal/378.JPG,normal,
fryum/Data/Images/Normal/379.JPG,normal,
fryum/Data/Images/Normal/380.JPG,normal,
fryum/Data/Images/Normal/381.JPG,normal,
fryum/Data/Images/Normal/382.JPG,normal,
fryum/Data/Images/Normal/383.JPG,normal,
fryum/Data/Images/Normal/384.JPG,normal,
fryum/Data/Images/Normal/385.JPG,normal,
fryum/Data/Images/Normal/386.JPG,normal,
fryum/Data/Images/Normal/387.JPG,normal,
fryum/Data/Images/Normal/388.JPG,normal,
fryum/Data/Images/Normal/389.JPG,normal,
fryum/Data/Images/Normal/390.JPG,normal,
fryum/Data/Images/Normal/391.JPG,normal,
fryum/Data/Images/Normal/392.JPG,normal,
fryum/Data/Images/Normal/393.JPG,normal,
fryum/Data/Images/Normal/394.JPG,normal,
fryum/Data/Images/Normal/395.JPG,normal,
fryum/Data/Images/Normal/396.JPG,normal,
fryum/Data/Images/Normal/397.JPG,normal,
fryum/Data/Images/Normal/398.JPG,normal,
fryum/Data/Images/Normal/399.JPG,normal,
fryum/Data/Images/Normal/400.JPG,normal,
fryum/Data/Images/Normal/401.JPG,normal,
fryum/Data/Images/Normal/402.JPG,normal,
fryum/Data/Images/Normal/403.JPG,normal,
fryum/Data/Images/Normal/404.JPG,normal,
fryum/Data/Images/Normal/405.JPG,normal,
fryum/Data/Images/Normal/406.JPG,normal,
fryum/Data/Images/Normal/407.JPG,normal,
fryum/Data/Images/Normal/408.JPG,normal,
fryum/Data/Images/Normal/409.JPG,normal,
fryum/Data/Images/Normal/410.JPG,normal,
fryum/Data/Images/Normal/411.JPG,normal,
fryum/Data/Images/Normal/412.JPG,normal,
fryum/Data/Images/Normal/413.JPG,normal,
fryum/Data/Images/Normal/414.JPG,normal,
fryum/Data/Images/Normal/415.JPG,normal,
fryum/Data/Images/Normal/416.JPG,normal,
fryum/Data/Images/Normal/417.JPG,normal,
fryum/Data/Images/Normal/418.JPG,normal,
fryum/Data/Images/Normal/419.JPG,normal,
fryum/Data/Images/Normal/420.JPG,normal,
fryum/Data/Images/Normal/421.JPG,normal,
fryum/Data/Images/Normal/422.JPG,normal,
fryum/Data/Images/Normal/423.JPG,normal,
fryum/Data/Images/Normal/424.JPG,normal,
fryum/Data/Images/Normal/425.JPG,normal,
fryum/Data/Images/Normal/426.JPG,normal,
fryum/Data/Images/Normal/427.JPG,normal,
fryum/Data/Images/Normal/428.JPG,normal,
fryum/Data/Images/Normal/429.JPG,normal,
fryum/Data/Images/Normal/430.JPG,normal,
fryum/Data/Images/Normal/431.JPG,normal,
fryum/Data/Images/Normal/432.JPG,normal,
fryum/Data/Images/Normal/433.JPG,normal,
fryum/Data/Images/Normal/434.JPG,normal,
fryum/Data/Images/Normal/435.JPG,normal,
fryum/Data/Images/Normal/436.JPG,normal,
fryum/Data/Images/Normal/437.JPG,normal,
fryum/Data/Images/Normal/438.JPG,normal,
fryum/Data/Images/Normal/439.JPG,normal,
fryum/Data/Images/Normal/440.JPG,normal,
fryum/Data/Images/Normal/441.JPG,normal,
fryum/Data/Images/Normal/442.JPG,normal,
fryum/Data/Images/Normal/443.JPG,normal,
fryum/Data/Images/Normal/444.JPG,normal,
fryum/Data/Images/Normal/445.JPG,normal,
fryum/Data/Images/Normal/446.JPG,normal,
fryum/Data/Images/Normal/447.JPG,normal,
fryum/Data/Images/Normal/448.JPG,normal,
fryum/Data/Images/Normal/449.JPG,normal,
fryum/Data/Images/Normal/450.JPG,normal,
fryum/Data/Images/Normal/451.JPG,normal,
fryum/Data/Images/Normal/452.JPG,normal,
fryum/Data/Images/Normal/453.JPG,normal,
fryum/Data/Images/Normal/454.JPG,normal,
fryum/Data/Images/Normal/455.JPG,normal,
fryum/Data/Images/Normal/456.JPG,normal,
fryum/Data/Images/Normal/457.JPG,normal,
fryum/Data/Images/Normal/458.JPG,normal,
fryum/Data/Images/Normal/459.JPG,normal,
fryum/Data/Images/Normal/460.JPG,normal,
fryum/Data/Images/Normal/461.JPG,normal,
fryum/Data/Images/Normal/462.JPG,normal,
fryum/Data/Images/Normal/463.JPG,normal,
fryum/Data/Images/Normal/464.JPG,normal,
fryum/Data/Images/Normal/465.JPG,normal,
fryum/Data/Images/Normal/466.JPG,normal,
fryum/Data/Images/Normal/467.JPG,normal,
fryum/Data/Images/Normal/468.JPG,normal,
fryum/Data/Images/Normal/469.JPG,normal,
fryum/Data/Images/Normal/470.JPG,normal,
fryum/Data/Images/Normal/471.JPG,normal,
fryum/Data/Images/Normal/472.JPG,normal,
fryum/Data/Images/Normal/473.JPG,normal,
fryum/Data/Images/Normal/474.JPG,normal,
fryum/Data/Images/Normal/475.JPG,normal,
fryum/Data/Images/Normal/476.JPG,normal,
fryum/Data/Images/Normal/477.JPG,normal,
fryum/Data/Images/Normal/478.JPG,normal,
fryum/Data/Images/Normal/479.JPG,normal,
fryum/Data/Images/Normal/480.JPG,normal,
fryum/Data/Images/Normal/481.JPG,normal,
fryum/Data/Images/Normal/482.JPG,normal,
fryum/Data/Images/Normal/483.JPG,normal,
fryum/Data/Images/Normal/484.JPG,normal,
fryum/Data/Images/Normal/485.JPG,normal,
fryum/Data/Images/Normal/486.JPG,normal,
fryum/Data/Images/Normal/487.JPG,normal,
fryum/Data/Images/Normal/488.JPG,normal,
fryum/Data/Images/Normal/489.JPG,normal,
fryum/Data/Images/Normal/490.JPG,normal,
fryum/Data/Images/Normal/491.JPG,normal,
fryum/Data/Images/Normal/492.JPG,normal,
fryum/Data/Images/Normal/493.JPG,normal,
fryum/Data/Images/Normal/494.JPG,normal,
fryum/Data/Images/Normal/495.JPG,normal,
fryum/Data/Images/Normal/496.JPG,normal,
fryum/Data/Images/Normal/497.JPG,normal,
fryum/Data/Images/Normal/498.JPG,normal,
fryum/Data/Images/Normal/499.JPG,normal,
fryum/Data/Images/Anomaly/000.JPG,burnt,fryum/Data/Masks/Anomaly/000.png
fryum/Data/Images/Anomaly/001.JPG,burnt,fryum/Data/Masks/Anomaly/001.png
fryum/Data/Images/Anomaly/002.JPG,burnt,fryum/Data/Masks/Anomaly/002.png
fryum/Data/Images/Anomaly/003.JPG,burnt,fryum/Data/Masks/Anomaly/003.png
fryum/Data/Images/Anomaly/004.JPG,burnt,fryum/Data/Masks/Anomaly/004.png
fryum/Data/Images/Anomaly/005.JPG,burnt,fryum/Data/Masks/Anomaly/005.png
fryum/Data/Images/Anomaly/006.JPG,burnt,fryum/Data/Masks/Anomaly/006.png
fryum/Data/Images/Anomaly/007.JPG,similar colour spot,fryum/Data/Masks/Anomaly/007.png
fryum/Data/Images/Anomaly/008.JPG,burnt,fryum/Data/Masks/Anomaly/008.png
fryum/Data/Images/Anomaly/009.JPG,burnt,fryum/Data/Masks/Anomaly/009.png
fryum/Data/Images/Anomaly/010.JPG,corner or edge breakage,fryum/Data/Masks/Anomaly/010.png
fryum/Data/Images/Anomaly/011.JPG,corner or edge breakage,fryum/Data/Masks/Anomaly/011.png
fryum/Data/Images/Anomaly/012.JPG,corner or edge breakage,fryum/Data/Masks/Anomaly/012.png
fryum/Data/Images/Anomaly/013.JPG,corner or edge breakage,fryum/Data/Masks/Anomaly/013.png
fryum/Data/Images/Anomaly/014.JPG,corner or edge breakage,fryum/Data/Masks/Anomaly/014.png
fryum/Data/Images/Anomaly/015.JPG,corner or edge breakage,fryum/Data/Masks/Anomaly/015.png
fryum/Data/Images/Anomaly/016.JPG,middle breakage,fryum/Data/Masks/Anomaly/016.png
fryum/Data/Images/Anomaly/017.JPG,"corner or edge breakage,small scratches",fryum/Data/Masks/Anomaly/017.png
fryum/Data/Images/Anomaly/018.JPG,corner or edge breakage,fryum/Data/Masks/Anomaly/018.png
fryum/Data/Images/Anomaly/019.JPG,corner or edge breakage,fryum/Data/Masks/Anomaly/019.png
fryum/Data/Images/Anomaly/020.JPG,different colour spot,fryum/Data/Masks/Anomaly/020.png
fryum/Data/Images/Anomaly/021.JPG,different colour spot,fryum/Data/Masks/Anomaly/021.png
fryum/Data/Images/Anomaly/022.JPG,similar colour spot,fryum/Data/Masks/Anomaly/022.png
fryum/Data/Images/Anomaly/023.JPG,different colour spot,fryum/Data/Masks/Anomaly/023.png
fryum/Data/Images/Anomaly/024.JPG,different colour spot,fryum/Data/Masks/Anomaly/024.png
fryum/Data/Images/Anomaly/025.JPG,different colour spot,fryum/Data/Masks/Anomaly/025.png
fryum/Data/Images/Anomaly/026.JPG,"different colour spot,similar colour spot",fryum/Data/Masks/Anomaly/026.png
fryum/Data/Images/Anomaly/027.JPG,different colour spot,fryum/Data/Masks/Anomaly/027.png
fryum/Data/Images/Anomaly/028.JPG,"similar colour spot,small scratches",fryum/Data/Masks/Anomaly/028.png
fryum/Data/Images/Anomaly/029.JPG,different colour spot,fryum/Data/Masks/Anomaly/029.png
fryum/Data/Images/Anomaly/030.JPG,"different colour spot,similar colour spot",fryum/Data/Masks/Anomaly/030.png
fryum/Data/Images/Anomaly/031.JPG,different colour spot,fryum/Data/Masks/Anomaly/031.png
fryum/Data/Images/Anomaly/032.JPG,different colour spot,fryum/Data/Masks/Anomaly/032.png
fryum/Data/Images/Anomaly/033.JPG,different colour spot,fryum/Data/Masks/Anomaly/033.png
fryum/Data/Images/Anomaly/034.JPG,different colour spot,fryum/Data/Masks/Anomaly/034.png
fryum/Data/Images/Anomaly/035.JPG,similar colour spot,fryum/Data/Masks/Anomaly/035.png
fryum/Data/Images/Anomaly/036.JPG,different colour spot,fryum/Data/Masks/Anomaly/036.png
fryum/Data/Images/Anomaly/037.JPG,similar colour spot,fryum/Data/Masks/Anomaly/037.png
fryum/Data/Images/Anomaly/038.JPG,different colour spot,fryum/Data/Masks/Anomaly/038.png
fryum/Data/Images/Anomaly/039.JPG,different colour spot,fryum/Data/Masks/Anomaly/039.png
fryum/Data/Images/Anomaly/040.JPG,fryum stuck together,fryum/Data/Masks/Anomaly/040.png
fryum/Data/Images/Anomaly/041.JPG,fryum stuck together,fryum/Data/Masks/Anomaly/041.png
fryum/Data/Images/Anomaly/042.JPG,fryum stuck together,fryum/Data/Masks/Anomaly/042.png
fryum/Data/Images/Anomaly/043.JPG,fryum stuck together,fryum/Data/Masks/Anomaly/043.png
fryum/Data/Images/Anomaly/044.JPG,fryum stuck together,fryum/Data/Masks/Anomaly/044.png
fryum/Data/Images/Anomaly/045.JPG,fryum stuck together,fryum/Data/Masks/Anomaly/045.png
fryum/Data/Images/Anomaly/046.JPG,fryum stuck together,fryum/Data/Masks/Anomaly/046.png
fryum/Data/Images/Anomaly/047.JPG,fryum stuck together,fryum/Data/Masks/Anomaly/047.png
fryum/Data/Images/Anomaly/048.JPG,fryum stuck together,fryum/Data/Masks/Anomaly/048.png
fryum/Data/Images/Anomaly/049.JPG,fryum stuck together,fryum/Data/Masks/Anomaly/049.png
fryum/Data/Images/Anomaly/050.JPG,fryum stuck together,fryum/Data/Masks/Anomaly/050.png
fryum/Data/Images/Anomaly/051.JPG,fryum stuck together,fryum/Data/Masks/Anomaly/051.png
fryum/Data/Images/Anomaly/052.JPG,fryum stuck together,fryum/Data/Masks/Anomaly/052.png
fryum/Data/Images/Anomaly/053.JPG,fryum stuck together,fryum/Data/Masks/Anomaly/053.png
fryum/Data/Images/Anomaly/054.JPG,fryum stuck together,fryum/Data/Masks/Anomaly/054.png
fryum/Data/Images/Anomaly/055.JPG,fryum stuck together,fryum/Data/Masks/Anomaly/055.png
fryum/Data/Images/Anomaly/056.JPG,fryum stuck together,fryum/Data/Masks/Anomaly/056.png
fryum/Data/Images/Anomaly/057.JPG,fryum stuck together,fryum/Data/Masks/Anomaly/057.png
fryum/Data/Images/Anomaly/058.JPG,fryum stuck together,fryum/Data/Masks/Anomaly/058.png
fryum/Data/Images/Anomaly/059.JPG,fryum stuck together,fryum/Data/Masks/Anomaly/059.png
fryum/Data/Images/Anomaly/060.JPG,middle breakage,fryum/Data/Masks/Anomaly/060.png
fryum/Data/Images/Anomaly/061.JPG,middle breakage,fryum/Data/Masks/Anomaly/061.png
fryum/Data/Images/Anomaly/062.JPG,middle breakage,fryum/Data/Masks/Anomaly/062.png
fryum/Data/Images/Anomaly/063.JPG,middle breakage,fryum/Data/Masks/Anomaly/063.png
fryum/Data/Images/Anomaly/064.JPG,middle breakage,fryum/Data/Masks/Anomaly/064.png
fryum/Data/Images/Anomaly/065.JPG,"middle breakage,small scratches",fryum/Data/Masks/Anomaly/065.png
fryum/Data/Images/Anomaly/066.JPG,"middle breakage,small scratches",fryum/Data/Masks/Anomaly/066.png
fryum/Data/Images/Anomaly/067.JPG,middle breakage,fryum/Data/Masks/Anomaly/067.png
fryum/Data/Images/Anomaly/068.JPG,middle breakage,fryum/Data/Masks/Anomaly/068.png
fryum/Data/Images/Anomaly/069.JPG,"middle breakage,similar colour spot",fryum/Data/Masks/Anomaly/069.png
fryum/Data/Images/Anomaly/070.JPG,middle breakage,fryum/Data/Masks/Anomaly/070.png
fryum/Data/Images/Anomaly/071.JPG,middle breakage,fryum/Data/Masks/Anomaly/071.png
fryum/Data/Images/Anomaly/072.JPG,middle breakage,fryum/Data/Masks/Anomaly/072.png
fryum/Data/Images/Anomaly/073.JPG,middle breakage,fryum/Data/Masks/Anomaly/073.png
fryum/Data/Images/Anomaly/074.JPG,middle breakage,fryum/Data/Masks/Anomaly/074.png
fryum/Data/Images/Anomaly/075.JPG,middle breakage,fryum/Data/Masks/Anomaly/075.png
fryum/Data/Images/Anomaly/076.JPG,middle breakage,fryum/Data/Masks/Anomaly/076.png
fryum/Data/Images/Anomaly/077.JPG,middle breakage,fryum/Data/Masks/Anomaly/077.png
fryum/Data/Images/Anomaly/078.JPG,middle breakage,fryum/Data/Masks/Anomaly/078.png
fryum/Data/Images/Anomaly/079.JPG,middle breakage,fryum/Data/Masks/Anomaly/079.png
fryum/Data/Images/Anomaly/080.JPG,"different colour spot,similar colour spot",fryum/Data/Masks/Anomaly/080.png
fryum/Data/Images/Anomaly/081.JPG,"similar colour spot,small scratches",fryum/Data/Masks/Anomaly/081.png
fryum/Data/Images/Anomaly/082.JPG,"similar colour spot,small scratches",fryum/Data/Masks/Anomaly/082.png
fryum/Data/Images/Anomaly/083.JPG,similar colour spot,fryum/Data/Masks/Anomaly/083.png
fryum/Data/Images/Anomaly/084.JPG,similar colour spot,fryum/Data/Masks/Anomaly/084.png
fryum/Data/Images/Anomaly/085.JPG,"different colour spot,similar colour spot",fryum/Data/Masks/Anomaly/085.png
fryum/Data/Images/Anomaly/086.JPG,similar colour spot,fryum/Data/Masks/Anomaly/086.png
fryum/Data/Images/Anomaly/087.JPG,"similar colour spot,other",fryum/Data/Masks/Anomaly/087.png
fryum/Data/Images/Anomaly/088.JPG,similar colour spot,fryum/Data/Masks/Anomaly/088.png
fryum/Data/Images/Anomaly/089.JPG,similar colour spot,fryum/Data/Masks/Anomaly/089.png
fryum/Data/Images/Anomaly/090.JPG,small scratches,fryum/Data/Masks/Anomaly/090.png
fryum/Data/Images/Anomaly/091.JPG,small scratches,fryum/Data/Masks/Anomaly/091.png
fryum/Data/Images/Anomaly/092.JPG,small scratches,fryum/Data/Masks/Anomaly/092.png
fryum/Data/Images/Anomaly/093.JPG,small scratches,fryum/Data/Masks/Anomaly/093.png
fryum/Data/Images/Anomaly/094.JPG,small scratches,fryum/Data/Masks/Anomaly/094.png
fryum/Data/Images/Anomaly/095.JPG,small scratches,fryum/Data/Masks/Anomaly/095.png
fryum/Data/Images/Anomaly/096.JPG,similar colour spot,fryum/Data/Masks/Anomaly/096.png
fryum/Data/Images/Anomaly/097.JPG,similar colour spot,fryum/Data/Masks/Anomaly/097.png
fryum/Data/Images/Anomaly/098.JPG,"similar colour spot,small scratches",fryum/Data/Masks/Anomaly/098.png
fryum/Data/Images/Anomaly/099.JPG,similar colour spot,fryum/Data/Masks/Anomaly/099.png
